0,1,2,3,4,5
1.4243183e-06,1.0710034e-07,2.6337023e-07,4.5377482e-07,9.4853857e-07,6.4135253e-09
0.028897336,0.0020066663,0.31778628,2.827738e-05,0.048343476,0.0003205002
0.00031124635,2.940289e-05,4.175233e-06,1.9712761e-05,0.009348986,2.493247e-05
2.3969116e-09,1.7344939e-09,6.9393546e-10,8.173876e-10,5.6821445e-09,2.7672747e-10
0.0005306233,3.5334467e-06,3.394173e-07,1.4301398e-06,0.00022422882,4.707743e-06
1.1730705e-06,6.5132656e-07,9.6001564e-08,2.0277312e-06,7.433152e-06,2.3306893e-06
8.569376e-08,7.066854e-08,6.157636e-09,9.410146e-08,3.3208933e-06,2.0764456e-07
8.892768e-06,1.094362e-06,1.5290864e-07,1.2832425e-06,1.6596457e-05,9.924092e-08
8.5076324e-05,4.391898e-05,3.8506565e-05,0.00032119945,5.5705514e-05,1.115974e-06
1.0327788e-06,1.0378858e-07,5.504249e-08,2.7979817e-07,5.5208634e-06,5.836583e-06
0.0002157535,0.000112634116,2.7278014e-05,4.514659e-07,2.4646775e-05,5.475297e-07
8.460654e-06,1.3633336e-07,6.766814e-09,3.870859e-07,3.320114e-06,1.513188e-08
0.19039752,8.67244e-06,1.19194865e-05,3.364634e-06,8.561101e-05,6.242689e-07
2.6015941e-06,1.0587803e-07,3.0551792e-08,1.4219527e-06,1.8703064e-05,3.4771864e-07
6.841955e-06,1.7610668e-06,1.1668224e-06,9.0776695e-07,4.367565e-05,6.2871322e-06
0.19612527,0.0014950446,0.69195336,0.0019293884,0.16974884,0.00048253755
0.00012290102,0.00014334662,7.712882e-05,0.007982503,0.00019696198,4.995556e-06
1.3669748e-05,1.2466538e-07,5.941452e-08,4.0382943e-07,5.147338e-06,4.470299e-08
0.5166105,0.010108364,0.71626484,0.019370645,0.010550529,5.8353944e-05
4.1696585e-05,8.003037e-06,6.479095e-06,8.169236e-06,0.00056280807,4.628811e-06
7.2717705e-07,6.750098e-08,2.3163889e-08,1.3875076e-07,2.1066392e-06,6.3671934e-07
6.073086e-06,1.5067431e-07,6.42657e-08,3.0505387e-07,2.2285276e-05,2.3350744e-06
0.0005750483,0.0025101798,1.6017084e-05,0.6607804,0.00051851646,2.2911237e-07
0.0013805118,6.702958e-05,9.269615e-06,0.00020010505,0.045748904,0.37573317
1.2730893e-05,3.5910077e-06,6.7180963e-07,2.2865355e-07,2.1644264e-05,1.207531e-07
8.372683e-06,8.007586e-07,1.2825117e-07,1.6057027e-06,5.6116052e-05,9.554051e-08
7.762895e-06,3.2515568e-06,3.4936804e-06,2.4481146e-06,1.7859269e-05,2.7661251e-06
0.0011124251,2.4125264e-05,1.4074551e-05,9.917761e-06,0.04368135,1.1464055e-05
0.005193133,0.00014991843,0.8407921,2.8892664e-06,0.0064990185,3.9304334e-05
2.7961332e-07,1.3569304e-08,1.4065233e-09,8.592503e-08,8.445011e-07,3.2572975e-09
2.5396882e-06,3.4039264e-08,2.323379e-09,6.983616e-07,8.0186455e-06,2.2295956e-06
8.770441e-05,7.214549e-05,1.7146807e-05,0.0011551061,8.599672e-05,0.00031964944
0.15765284,5.1656945e-05,0.00013577107,0.00020089648,0.06434927,0.00013549546
7.332389e-05,1.1236513e-05,7.97468e-06,0.00011121148,0.0011784576,0.6130696
3.2564724e-06,2.1214455e-06,1.3614721e-06,2.3230903e-05,7.771692e-07,1.625468e-08
9.311822e-05,0.0003910506,2.0224403e-05,0.030927068,5.424331e-05,3.2188093e-06
0.0005150518,0.00021001943,2.6469457e-05,6.8344552e-06,4.160518e-06,2.1438096e-08
2.4111998e-06,5.4683984e-08,2.0668748e-08,9.4905346e-07,2.6849742e-05,1.9063333e-07
0.0011548569,2.890532e-05,1.2285878e-05,5.718533e-06,9.735528e-05,9.925141e-06
1.7393153e-06,2.1946366e-07,3.051272e-07,4.2189907e-07,2.683934e-06,8.446165e-08
0.002201447,0.001194726,4.051795e-06,0.6092559,0.0058941413,1.0822771e-05
0.012485654,0.0010888132,9.0341964e-05,0.0020123722,0.0019066827,4.7544523e-05
7.940966e-05,6.125243e-06,9.999999e-07,6.6089575e-05,0.0019909174,0.10176632
7.842092e-05,2.508291e-06,2.8722468e-06,1.2363545e-05,9.963483e-06,9.89155e-08
0.00015817328,1.3577688e-06,7.566811e-07,1.18385215e-05,0.00039767136,0.004542507
0.00023150978,3.5905523e-06,2.7456045e-07,1.0594839e-06,0.00012141609,2.8825049e-05
0.00016368792,9.741416e-05,3.5547677e-05,5.2123127e-05,0.00015139002,1.5434414e-05
1.0914259e-06,1.6964243e-07,4.7435567e-08,7.469625e-08,1.1726124e-05,7.934014e-08
1.9944807e-08,2.9619365e-09,6.5210226e-10,1.1592812e-08,2.7276453e-08,1.72847e-09
1.34721585e-08,1.6290519e-09,2.4490382e-10,8.573002e-09,4.8433282e-08,2.0330377e-09
5.606909e-05,1.2031124e-07,2.5385006e-08,1.030795e-06,2.4345405e-05,2.1348698e-07
2.1195312e-07,2.8655405e-08,2.5081654e-08,3.0980556e-09,4.6302577e-07,2.153905e-07
6.6543635e-07,5.486807e-08,7.2258345e-08,1.07001924e-07,3.2487949e-06,1.4168614e-07
0.0076906416,5.042157e-07,3.8143298e-07,3.5914427e-06,2.1746391e-05,2.8220572e-07
6.1068187e-07,1.1924955e-05,6.4891475e-07,2.580039e-07,7.901989e-06,6.2281715e-06
1.6157749e-06,5.4670267e-07,7.215126e-07,1.0836053e-07,1.7881379e-06,2.2732545e-08
7.5164326e-06,2.2754153e-07,3.3556372e-08,0.00028061948,2.8557931e-06,1.1742358e-08
0.057290368,0.00078011065,0.003469627,0.0017186399,0.0002809437,1.0554797e-05
0.0037292216,0.004805247,0.52149415,0.004127432,0.0001790319,4.8534115e-05
0.020580979,6.447657e-05,2.9487106e-05,1.7305847e-05,0.00037129622,3.9387132e-06
9.612452e-06,1.0325226e-06,4.4360314e-07,5.5410743e-07,1.1852688e-05,1.1108158e-05
0.0018330608,0.00046223114,1.6479386e-06,5.598654e-05,0.00014964692,6.96872e-07
0.0004262538,1.1871272e-05,4.0646055e-06,5.5157116e-06,0.002018895,8.4623116e-07
3.976167e-05,1.675089e-06,1.746276e-06,1.2456132e-06,9.9967565e-06,4.67612e-08
0.015524732,7.630846e-06,2.1317421e-06,4.032607e-05,0.048847686,0.0003128952
5.300465e-06,3.917694e-07,5.2746387e-08,7.663348e-07,5.3586145e-06,7.049903e-05
1.8754396e-05,9.1526016e-07,9.3005735e-07,2.4954588e-07,1.5093552e-05,1.11636616e-07
0.42491034,0.79841334,0.006586311,0.00013656818,0.004667185,5.288145e-06
0.18777734,0.018381473,2.9069965e-05,0.71457356,0.0008582576,2.8894354e-09
6.550673e-05,5.6029344e-06,2.9521226e-07,8.514653e-05,0.0008935793,0.6110674
2.2394671e-08,1.0359428e-09,6.3597655e-10,1.1536828e-08,1.2459655e-07,1.0558879e-08
9.661695e-06,1.9660833e-06,2.3278896e-07,2.0722155e-05,1.1449469e-05,3.7400298e-07
7.264451e-07,8.1088515e-08,2.7205166e-08,7.81068e-08,2.8370594e-05,4.9369234e-08
0.0003497749,0.00048664282,5.888646e-05,0.003232302,0.003227101,0.02012576
5.5923367e-05,6.1382716e-06,3.5930663e-07,0.0001500752,0.00086756755,0.04045899
0.008947722,0.0072712847,0.00024942294,0.51081455,0.008234906,2.3080853e-05
1.576367e-05,1.7154555e-06,2.3986815e-06,7.5539987e-07,8.973505e-06,2.1844215e-07
0.6481752,0.00042706152,0.0003240093,0.0004084915,0.0030286354,8.8074985e-06
0.000121058634,5.038758e-07,1.7660552e-06,4.0206405e-07,3.5458488e-06,2.4260095e-07
7.1353584e-06,9.158573e-06,1.7378612e-06,0.0040592835,7.1580334e-06,2.19119e-07
0.0003177895,1.7731954e-05,3.0577116e-06,0.0011624808,2.6642832e-05,4.778892e-07
1.8555693e-05,6.031955e-07,3.1709258e-06,6.789104e-07,7.619785e-06,7.0351824e-08
3.1073243e-06,6.5164903e-07,5.8314646e-07,0.00011311739,4.8520797e-06,4.9664e-08
5.285869e-07,7.6654237e-07,1.1556119e-06,3.0770047e-07,1.4681947e-06,1.9324238e-08
0.00015435029,1.2625214e-06,3.95393e-07,3.5755955e-05,2.8138358e-05,1.4294729e-07
0.26530734,0.00017219664,0.000227516,4.6681027e-05,0.001124136,1.5017543e-05
0.00012507032,6.737306e-05,0.00088953436,8.739559e-06,0.0006332289,2.3433382e-05
3.9032757e-06,9.912493e-07,3.127467e-07,5.7296626e-07,9.590641e-05,4.5293405e-06
1.1660298e-05,1.0889754e-06,6.3146257e-07,1.2167551e-06,5.83928e-05,1.034638e-06
6.05159e-06,0.00011093927,1.03822185e-05,5.3040168e-08,2.6927437e-05,1.5215788e-07
3.10462e-06,7.054396e-07,2.1668332e-07,1.2204123e-06,2.1933276e-05,4.579895e-06
0.37134776,0.0010808792,0.6043627,0.00060396263,0.018456148,0.00030046623
2.5480957e-05,1.3994253e-07,3.061514e-08,1.3582257e-07,1.8884313e-05,1.4579517e-07
2.0077356e-05,9.363751e-06,1.7862119e-06,1.5161773e-06,1.981535e-05,0.0008477079
1.5371674e-05,2.5496672e-06,3.1275624e-07,9.610298e-06,0.000112668604,0.00013677408
4.455258e-05,0.0009008753,1.1669142e-05,1.8809957e-05,3.0271072e-05,2.1971839e-05
0.35184595,1.7909908e-05,6.4603573e-06,1.7788456e-05,0.018189332,0.00010598619
3.7552477e-06,6.4835865e-07,6.311772e-08,5.45861e-06,4.2939948e-05,8.4561265e-08
0.00010832016,0.0014082239,6.5395643e-06,0.55697435,0.00014175454,7.2860774e-07
0.0019441933,0.00017296067,0.8622061,6.377432e-05,0.0072856625,8.9036424e-05
2.1202351e-05,7.606119e-07,7.44722e-08,3.9963277e-07,0.00020288075,2.3225721e-07
2.228248e-06,5.567708e-07,6.877392e-08,1.1216225e-06,3.2152053e-05,1.968012e-07
5.3088497e-05,4.506058e-06,2.0803734e-06,1.4110233e-05,4.8586085e-06,2.2701353e-07
9.938306e-07,7.642533e-07,2.0019165e-08,9.99384e-07,1.3592999e-05,2.0482675e-07
0.00276805,0.00064105826,0.70664316,0.00011386813,0.0034673656,0.00015019947
8.043247e-08,4.589631e-08,1.3216069e-08,2.89354e-08,9.96544e-07,7.29022e-08
0.00025438285,0.79415566,0.001364158,2.1058171e-05,0.00065949804,9.206686e-07
6.6716154e-07,1.5316448e-07,1.5308899e-07,2.625294e-06,1.02693e-06,2.8371572e-08
5.6815848e-06,4.077418e-08,3.1786882e-09,8.678726e-07,0.00022940454,0.78396696
5.746731e-07,6.0823726e-07,8.951314e-07,4.423843e-08,4.8539496e-06,1.1752501e-07
0.11632957,0.08759124,0.0096015,0.0009435581,0.0016529055,2.401783e-05
0.00023003622,6.6756966e-06,5.4496372e-06,6.8308896e-07,0.0012681005,4.6008324e-07
7.872332e-05,0.04192643,7.4969015e-05,0.00011897718,0.010388814,1.9147417e-06
0.00014327886,2.3370035e-06,5.8781598e-06,4.97592e-07,3.9419385e-05,1.5395485e-06
9.492151e-06,3.6347302e-07,4.352434e-08,3.6004442e-07,1.1000229e-05,2.4554298e-08
1.9806472e-05,4.0759596e-06,1.9380143e-06,0.00029967405,9.688093e-06,2.454988e-07
0.0068914783,0.00012039475,0.0004775934,2.5987723e-05,0.002735235,7.2174703e-06
3.2949322e-07,1.877704e-07,1.4130373e-07,7.368674e-08,1.2310528e-07,1.955295e-09
9.264411e-07,1.8022554e-07,7.13664e-08,4.0020754e-07,1.9063201e-06,1.383799e-08
1.8446883e-06,6.5589177e-07,1.0589297e-07,4.147929e-07,4.44005e-06,6.9702887e-06
0.00068900455,0.0002603167,6.4790045e-05,4.9104124e-06,0.9400865,1.5430853e-05
2.4976256e-05,2.6950092e-06,3.100236e-07,0.00016669616,0.00031662823,0.69006497
2.5816635e-07,4.1804533e-08,9.088636e-09,6.035626e-08,8.962803e-07,6.284575e-08
2.8611798e-06,3.7171264e-07,6.853298e-08,6.427072e-07,9.017001e-05,1.3568291e-06
7.521291e-05,8.553342e-06,9.464197e-07,0.001440039,9.824143e-05,6.739163e-07
2.1046706e-05,1.8957253e-06,3.6024673e-07,1.5664109e-06,2.4814106e-05,0.0001814629
0.00014608556,1.2997432e-05,2.450226e-07,3.3788005e-05,0.0047774124,0.6430683
2.7728978e-05,4.15105e-06,4.051966e-07,1.0510695e-06,0.0021638018,6.08163e-07
6.9687514e-05,1.3651196e-05,1.4283093e-05,8.35942e-05,0.00284603,0.34538457
3.2748954e-07,1.0972986e-08,1.1755148e-09,1.46088635e-08,1.3886914e-06,7.027937e-09
2.1000726e-07,1.0249179e-07,1.2264481e-08,9.063192e-08,3.203412e-06,2.2121315e-08
2.965816e-06,2.0058958e-07,8.3072614e-08,3.8370118e-08,2.2217839e-05,3.708703e-07
3.0496853e-06,1.2424609e-06,2.4169455e-07,0.00011503557,7.392538e-06,4.634627e-08
1.7201446e-05,4.8667846e-07,9.3848695e-07,5.429756e-07,8.691998e-06,3.0306003e-07
2.3499167e-06,3.1944077e-07,5.880419e-07,1.7881856e-06,8.9012855e-07,3.2095226e-08
0.00014475662,2.965751e-06,5.287505e-06,1.0444766e-06,9.584534e-05,9.361271e-07
7.977882e-06,3.0249552e-07,4.0889876e-07,3.1397574e-06,2.3649438e-06,4.5664564e-08
1.6640737e-05,9.838468e-07,6.500712e-08,2.843091e-05,0.0001964891,0.73245084
0.00037513897,0.0005600904,3.319934e-05,0.0003553502,0.00019663679,1.1042924e-05
1.03765025e-07,1.3202647e-07,3.5124142e-08,9.977308e-07,8.011859e-08,9.550841e-09
0.005013628,3.510712e-05,4.795872e-06,4.514962e-06,5.424683e-05,3.5422831e-06
0.003225318,0.0019106033,0.49085495,1.7886796e-05,0.0013202758,7.349519e-05
3.1763422e-05,7.7215964e-07,1.7703238e-07,2.5892948e-06,1.580345e-05,0.0003354398
0.0028778105,0.000109237015,1.8180981e-05,0.0017207118,0.000329352,1.9202644e-06
3.850913e-08,1.0153369e-08,2.5780176e-09,2.2631657e-08,1.4475829e-07,3.8372443e-09
0.0008160765,2.3498585e-06,1.5390494e-07,3.2166306e-06,7.448801e-05,3.4547492e-07
3.695589e-05,1.1413854e-06,2.647487e-07,1.6273097e-07,1.6837226e-05,2.8346375e-07
4.992922e-06,4.9985596e-07,1.9215872e-07,1.6061944e-06,3.083438e-05,2.009413e-07
0.00023400127,0.40076736,0.00031697555,8.868224e-05,0.005168746,0.6250597
4.8827274e-05,9.550801e-06,2.3880271e-05,5.958868e-05,0.00018997773,1.4612704e-06
1.8634857e-05,7.26131e-06,2.6227335e-05,2.6252014e-06,8.710171e-06,4.634932e-07
0.00055548764,0.0006319465,2.4709449e-05,0.05025831,0.0029962098,2.4951927e-05
4.7697495e-07,6.295762e-07,5.111595e-07,8.756929e-08,7.141363e-06,1.7594122e-07
1.722725e-05,2.683744e-08,9.641717e-09,3.731892e-07,3.6678696e-06,1.7718405e-07
9.6408e-08,3.2220027e-09,6.6161754e-10,1.6949036e-08,4.6733786e-07,1.2779614e-07
5.185132e-06,3.4300851e-06,4.34562e-07,7.467848e-05,4.5859574e-06,2.7829407e-07
7.226878e-06,4.0233203e-06,6.4124276e-07,0.0011976241,6.5874738e-06,5.958941e-08
2.4986334e-06,1.0538341e-07,1.8384323e-08,1.7828258e-07,2.420179e-05,6.133808e-08
0.00038723147,1.4123382e-06,4.2866318e-07,1.0860424e-06,1.5119945e-05,3.020395e-07
0.32671678,0.0004297278,0.00011036622,0.00061807927,0.0040367856,3.1703534e-05
3.036702e-07,3.674875e-08,1.399948e-08,1.3106795e-08,1.3821513e-06,1.9226651e-07
2.4919967e-05,7.044473e-07,2.512842e-07,5.3029626e-06,3.7190395e-05,5.9774557e-06
2.285466e-06,2.006628e-06,3.1803445e-06,4.500267e-07,4.1699323e-06,3.2707004e-07
3.1692298e-06,7.0876695e-08,2.721591e-08,3.4773288e-07,3.9310617e-06,1.1197052e-08
9.741361e-07,5.286947e-08,2.7861741e-08,2.3909129e-08,3.8245653e-07,1.6510496e-08
5.941763e-06,7.6719766e-07,1.2578296e-06,4.487412e-06,6.4589467e-06,8.9609344e-08
3.993823e-06,1.9431407e-06,6.3146314e-07,3.0797692e-06,0.002638943,0.7387076
5.752364e-05,2.2090212e-06,5.4127827e-07,7.629136e-06,0.0001815517,0.0003599435
3.5564356e-06,1.9251498e-05,6.298564e-06,7.4150125e-06,5.442745e-06,1.8246115e-07
3.1293945e-07,2.081561e-07,2.6543146e-08,7.014059e-07,7.3345964e-06,8.415762e-07
0.03501491,4.527737e-05,1.7865492e-06,0.00019223632,0.20659003,4.4037417e-05
3.2592357e-07,4.5721302e-07,4.8901118e-08,0.0006639731,5.252267e-07,0.021662347
3.04024e-07,1.8566442e-07,4.3631065e-08,2.0723486e-07,2.3167429e-07,3.965861e-09
1.1126043e-06,2.3732706e-08,1.7250688e-08,1.04148306e-07,2.203944e-06,8.659994e-08
1.29964e-06,1.3199314e-06,1.2294865e-07,1.4017722e-07,2.703891e-05,3.470905e-06
0.00040246226,2.2249417e-06,4.261091e-06,1.5043898e-06,1.0213345e-05,2.506301e-07
3.7352263e-05,5.385598e-06,1.2831066e-06,1.1150633e-05,2.6540609e-05,2.010289e-07
0.0033213936,1.586517e-05,2.2186121e-05,0.000158539,0.0009470617,3.8989638e-06
4.5117384e-05,5.109517e-06,7.394009e-07,6.573627e-05,0.0008548052,0.70895725
1.491099e-06,5.7478275e-07,3.633669e-08,3.0388776e-07,5.219807e-06,6.759554e-08
2.7574348e-05,2.2077913e-06,8.0431755e-07,0.0005675131,2.0077343e-06,2.8277839e-08
7.885359e-06,1.4211486e-07,6.597972e-08,5.1416714e-06,7.4615036e-06,6.319469e-08
1.7548318e-06,5.5467634e-08,5.019451e-09,7.6853775e-07,2.0613656e-07,1.2806052e-09
8.066069e-05,2.8135273e-06,1.2592243e-06,3.7788614e-06,1.223924e-05,1.2061085e-07
1.7631539e-05,5.567458e-07,3.8198593e-08,3.2329672e-06,0.0010585791,0.76734906
0.00084342156,0.00013630408,0.80349433,1.1284826e-05,0.0007847797,0.00012158687
2.3893119e-05,3.9290535e-07,5.31165e-08,1.3724244e-05,8.111517e-05,3.954729e-07
2.3685829e-05,4.6879272e-06,4.494987e-07,7.744039e-06,1.319691e-05,5.3460653e-08
0.0020293486,0.0031820512,6.4623324e-05,0.46112123,0.0046706367,0.001024
4.7211224e-06,2.4692799e-08,4.5805075e-09,4.3596376e-08,8.775295e-06,1.1882444e-07
0.0019080816,0.0016467416,0.017620403,0.00955115,0.0050549097,0.089478865
3.3032618e-06,8.5911233e-07,4.0184707e-07,1.2913381e-05,4.9562595e-06,1.5922485e-07
1.654956e-08,1.9603392e-06,0.000104189785,7.766764e-09,1.9469472e-07,5.3987552e-08
7.3120596e-06,1.0655714e-05,5.7563802e-06,4.9973523e-06,9.789783e-06,4.4111457e-07
5.3702723e-05,5.031776e-07,2.5549417e-07,4.3155437e-06,2.5902784e-05,2.2394035e-07
1.0530036e-05,1.9317238e-06,1.0116681e-07,4.312302e-06,0.00036943622,0.7673959
0.00026851665,0.0008181686,4.4781318e-05,0.053018197,0.001142702,1.5125873e-05
8.1290034e-07,7.4167676e-09,2.4200735e-09,3.710373e-07,1.7730891e-06,3.5386527e-08
2.5573845e-06,1.4396751e-06,8.4697504e-08,0.0006009326,1.5944063e-06,2.9239539e-08
7.672964e-07,9.857054e-07,8.415569e-07,4.0469277e-09,6.8771464e-05,3.0389815e-06
1.1003913e-05,6.3386306e-06,4.3991244e-05,5.655721e-07,2.2967728e-05,3.2555857e-07
5.7814395e-05,4.262534e-06,8.4436095e-07,2.8386812e-06,0.0012226782,6.537018e-07
0.00029302874,6.1464602e-06,4.603291e-06,2.0870859e-05,0.00015474229,1.3713542e-05
0.00013103205,0.0046003703,0.00023457625,0.014652898,3.6540092e-05,2.230674e-06
0.0012565396,8.141766e-06,2.210743e-06,3.290125e-07,6.7061665e-05,4.0301597e-06
0.0027330287,0.0053197667,0.005792635,0.0043400424,0.001752486,8.3026636e-05
1.8076144e-05,5.6515764e-06,4.237188e-07,3.8511007e-06,5.7806952e-05,2.9313862e-06
2.2898053e-05,3.3160607e-06,4.1301308e-07,0.000598192,5.1116043e-05,1.3234869e-07
0.0028546455,0.0015782319,9.724728e-05,0.026295628,0.0011533744,0.053333864
4.8413698e-05,4.574248e-05,2.368472e-05,0.0045842407,2.7902035e-05,6.409994e-07
1.7382538e-08,2.3641508e-10,3.9016176e-11,3.7746972e-10,2.6764392e-08,3.412699e-10
7.069851e-05,8.697039e-06,4.2764157e-07,1.7248899e-06,1.9785006e-05,3.5852312e-07
0.11078187,7.8494755e-05,0.00012471639,0.00055779977,0.0046878657,2.8472696e-05
2.157926e-05,4.0083996e-06,8.278937e-07,0.00056756334,8.760254e-06,2.9811807e-07
6.1064e-07,2.3807111e-07,3.882949e-07,1.9145538e-07,3.0197205e-06,2.8574667e-07
8.656955e-06,4.8007087e-07,1.5718115e-07,3.0763684e-05,6.107563e-06,3.0910687e-08
6.1931337e-07,6.466229e-07,8.704906e-08,1.886535e-07,2.2991424e-06,6.5424814e-08
0.019293152,0.00050503324,0.56851363,3.419458e-05,0.00050236116,6.41599e-05
2.3738177e-05,2.2406725e-07,9.260701e-07,9.473215e-06,6.328329e-07,3.877964e-08
8.573233e-05,7.394074e-05,5.2373747e-05,0.0010694055,0.00019265836,2.4622946e-06
0.0002719445,0.00033530217,1.423235e-05,4.1185638e-05,0.00018124226,1.2218517e-06
2.6266833e-05,5.4131283e-07,4.3625533e-07,1.4805878e-06,4.733421e-06,5.5329636e-08
9.307102e-06,1.4963013e-07,1.6274006e-08,4.159689e-06,7.109815e-05,3.5653056e-07
0.008172891,7.5727908e-06,2.057694e-06,2.4835199e-05,2.3537554e-05,9.830742e-08
9.226659e-05,8.2429315e-06,4.847977e-06,4.7259423e-06,0.00028585893,0.00043304783
1.1572276e-06,1.1543018e-07,3.210288e-08,4.1197103e-07,1.4734288e-05,3.2118348e-07
6.684665e-08,9.925698e-09,2.0994664e-09,1.050661e-07,1.6791784e-08,2.825964e-10
0.0017358639,0.0003265653,5.8280984e-05,0.00041565445,0.00012112561,6.8539695e-05
3.1767908e-05,6.3771836e-07,2.6426414e-07,1.7704403e-07,1.1092586e-05,4.8465535e-07
1.3705841e-05,1.3290005e-05,2.1198792e-05,3.3109225e-06,5.1772888e-05,2.9827987e-07
9.992334e-07,3.2277065e-08,1.2771494e-08,6.375074e-07,3.6582942e-06,7.892025e-08
4.964718e-06,4.957495e-07,3.8513724e-07,1.0145943e-06,4.3192535e-06,6.844402e-08
2.2204754e-06,2.7971547e-07,1.2290914e-07,5.327413e-07,3.4346351e-06,4.80925e-08
1.7182704e-07,7.396185e-09,1.0497848e-09,1.08224626e-07,3.2595685e-07,2.441104e-07
3.4541106e-05,1.1228393e-05,2.3534412e-05,0.00027341468,4.6613036e-06,7.8455264e-07
0.0052923053,4.983699e-07,7.005643e-08,2.34281e-06,6.5751934e-05,2.4131805e-06
0.00037180647,9.4074465e-05,5.0790542e-05,1.3763829e-05,0.0034251085,1.3997544e-05
1.0767412e-06,6.118478e-08,3.6311057e-08,3.896745e-07,4.962867e-06,1.2936713e-08
0.00012452815,6.679454e-06,3.309707e-06,1.3972244e-05,2.6536838e-05,4.1971754e-07
2.0772113e-05,1.5778323e-06,4.8858095e-07,7.397133e-07,1.9694366e-05,2.1398126e-05
1.9095704e-07,6.673885e-09,1.4564341e-09,1.873284e-08,1.1958628e-06,1.9818643e-08
8.768058e-05,0.4309266,0.0009701864,8.123021e-06,0.00013458148,3.6303275e-06
0.00021588396,3.1810362e-06,6.1859737e-07,6.7529494e-05,0.00021962918,5.016372e-07
4.5032397e-05,1.835236e-05,1.6241936e-05,1.2226128e-06,2.3543189e-05,1.5651205e-05
1.4431598e-06,1.5705671e-08,6.831865e-09,2.0464849e-07,1.7726833e-06,3.6113864e-08
3.4581703e-08,1.6432009e-09,1.1895983e-09,3.8322504e-08,8.234081e-08,2.5331946e-08
0.00035223135,1.0071636e-05,1.3837313e-06,0.001063435,6.681228e-05,8.498006e-06
7.5709568e-06,3.1675588e-06,4.4337392e-07,2.1962118e-05,0.00016792088,0.6943198
5.797307e-05,2.5274689e-05,1.627026e-05,0.00083953113,2.3065099e-05,1.4669505e-06
0.2076912,2.6732396e-05,9.896635e-06,1.677133e-05,0.005906448,4.9690032e-05
4.7668714e-06,1.1909206e-07,5.3865154e-08,3.5370607e-07,2.5797126e-05,1.0394053e-07
0.012816869,0.00079107203,0.5345194,0.00027674672,0.033262126,0.045875695
1.6234669e-06,1.8091161e-07,2.4938974e-08,2.139359e-06,4.4094777e-06,3.0739482e-08
0.17087393,0.0025014528,0.5483701,0.0017168729,0.22591701,0.00088277453
1.945687e-05,5.993216e-07,1.0795379e-06,2.5727073e-07,4.68914e-05,3.1170185e-07
0.024850821,0.73577666,0.003845016,1.8369328e-05,0.0019054925,2.0799785e-05
5.9708018e-05,1.2657931e-07,1.0323439e-07,1.7804912e-07,2.0754828e-06,5.524338e-08
7.278144e-09,2.2252404e-09,1.6266108e-10,4.763238e-09,4.5202942e-08,1.4119482e-08
9.51546e-05,3.8007563e-06,8.5890997e-07,1.901251e-06,3.4964487e-05,0.00067039684
0.0011607204,2.3141354e-05,7.5351795e-06,2.1494945e-06,0.92522174,2.8581213e-05
8.773923e-06,1.2151723e-05,4.1666385e-07,3.7149225e-06,1.6831656e-05,1.1722457e-05
1.1216429e-06,2.9918183e-07,4.2259651e-07,4.6613913e-08,1.2029158e-05,2.6741388e-06
0.00028284598,1.6816479e-05,9.15036e-05,2.1278747e-06,8.231194e-05,3.059033e-06
1.7360311e-05,1.2550231e-07,2.0606398e-08,5.5144e-07,5.987183e-05,1.1959299e-06
0.0005124914,2.9521073e-06,2.586807e-07,1.0466959e-05,7.040329e-05,2.0523066e-06
2.8891403e-05,6.6817336e-07,1.9786235e-08,6.499075e-07,2.6041113e-05,3.3928075e-07
6.241749e-05,3.5624507e-05,1.3338393e-05,0.0020660216,7.891347e-06,1.970092e-06
1.3041267e-07,5.079096e-08,1.9454676e-08,9.733885e-09,5.199985e-07,1.1957044e-08
1.2958656e-05,9.6730524e-08,2.6368655e-08,7.7369873e-07,6.7060704e-05,3.2002547e-06
0.00028488412,0.0002515127,3.4038836e-05,5.575823e-05,0.00011307781,5.50726e-06
4.7477342e-06,3.3564953e-07,1.1021717e-07,7.263762e-06,2.7490785e-06,2.4185564e-08
1.1325396e-05,2.1380781e-06,2.8774016e-07,1.6887496e-05,7.934781e-05,3.9749048e-06
1.48780855e-05,1.887094e-05,4.2575e-06,0.0015161199,1.6741527e-05,1.6152987e-06
6.591112e-06,2.4798184e-05,6.273969e-05,2.7535941e-06,1.8287526e-05,8.032482e-07
9.235954e-05,0.00024837145,2.2961378e-05,0.0017479721,0.005156041,0.00915682
0.000114950584,6.25771e-07,5.105038e-07,3.5191576e-06,6.777225e-05,1.316684e-06
2.1543441e-05,4.612281e-07,4.7419917e-08,1.1386788e-07,5.642599e-06,4.399307e-07
8.0755336e-07,2.6822175e-07,1.9285835e-06,9.1503004e-08,1.934718e-06,1.3874124e-07
1.307356e-06,9.293723e-08,6.642926e-08,8.9684924e-08,6.673666e-06,1.045661e-07
0.00010747319,0.00053670537,0.12508288,8.421245e-07,2.0332116e-05,5.6185695e-06
4.8752764e-07,1.273935e-09,6.193028e-10,3.2003866e-10,6.3454615e-07,2.5037178e-10
9.832156e-07,4.3653458e-08,2.2121947e-08,4.8010356e-09,1.1810832e-06,5.0333643e-08
2.0518411e-05,3.6709525e-06,1.380523e-06,2.4648791e-06,1.2509973e-05,3.095943e-07
0.0004421797,5.5421555e-05,6.339196e-05,0.00074076105,2.2738806e-05,1.9411054e-05
2.4052836e-06,1.8016264e-07,1.6142526e-08,3.9115787e-07,7.550775e-06,1.06810454e-07
4.6359975e-05,2.305217e-05,3.5980338e-05,2.7602566e-06,3.018894e-05,3.1782586e-06
7.202296e-06,1.3405242e-06,3.2448593e-06,2.3779315e-07,8.863304e-06,2.1013648e-07
0.00016045997,1.4933625e-05,4.7536407e-05,7.4692284e-06,0.0061496487,0.00844703
2.8029785e-07,3.597101e-08,6.7780523e-09,2.5738917e-08,5.1789743e-06,1.5083663e-07
0.002897387,0.8313448,0.013084405,4.836516e-07,0.0025393325,0.00028976362
5.414324e-06,4.0400395e-05,4.5370558e-07,8.762189e-07,7.773466e-06,6.11387e-08
4.6101313e-06,3.399104e-06,8.729269e-07,0.0007206307,2.9957066e-06,6.6650976e-08
8.600001e-07,2.518641e-07,1.5136331e-07,8.9325404e-08,1.4254571e-05,5.6681347e-07
0.0011299358,0.0005377049,0.5496329,1.0972853e-05,0.0014578063,0.0005004372
1.8000765e-05,1.3392017e-06,1.560124e-06,0.00010429008,6.9635316e-06,1.5675795e-07
4.7982694e-06,7.4002337e-06,3.116798e-05,1.1997706e-06,2.9559209e-05,2.5834393e-06
2.5669724e-06,2.0774716e-07,1.9017773e-07,1.3726407e-07,2.0128705e-06,6.162374e-08
2.7893628e-05,8.796072e-07,4.0823716e-07,2.0486563e-07,1.7576374e-05,1.0930834e-05
0.029300904,0.6665383,0.017685033,0.00015004342,0.0049563814,0.00018896334
2.0570369e-05,8.422145e-07,7.350475e-07,2.6358506e-07,9.586764e-06,1.1798758e-07
2.7522958e-05,4.137604e-06,2.1278606e-06,0.00014028682,1.6477925e-05,7.301423e-08
1.1987187e-05,7.418751e-07,2.7503035e-07,1.8841557e-06,5.488823e-05,2.5779656e-07
0.0065528755,0.00022912823,0.90725666,0.0013206544,0.00088966533,3.1854502e-06
0.000571279,0.00016275627,0.00014921065,0.00046602354,0.000476774,1.9265835e-06
0.0006196754,5.0618644e-05,1.5285428e-05,1.8856388e-06,6.109054e-05,7.74508e-06
0.000712664,1.8267185e-05,1.0208409e-05,4.492371e-05,1.0253808e-05,1.9960147e-07
2.35036e-07,7.1207555e-09,8.6926527e-10,6.021988e-08,6.8143174e-07,4.480252e-08
3.616512e-07,1.9720565e-08,1.6838802e-08,1.8711912e-08,8.480983e-07,1.7539097e-08
8.503956e-06,1.1580352e-07,2.0203826e-08,7.0386176e-07,7.486486e-06,6.876828e-08
2.1571072e-05,2.0878532e-07,1.2816981e-08,3.755305e-06,0.00055663934,0.7826134
4.824064e-05,6.923021e-07,1.6816792e-07,7.3841926e-07,2.1780053e-05,7.624102e-08
1.7068489e-06,1.17725925e-07,4.867952e-09,9.871835e-08,2.4556753e-05,2.9322987e-07
4.6660294e-05,1.4446371e-05,8.756336e-06,1.4435477e-05,0.00024276694,1.7273624e-06
0.03244934,0.095437825,0.012859777,0.00048804504,0.07616116,0.0017529333
9.84059e-06,5.112061e-06,4.797226e-06,1.8003398e-06,0.00011912635,1.177244e-06
1.7783914e-06,3.809909e-07,3.5114e-07,7.4985167e-07,8.941641e-06,2.1565153e-07
1.407217e-07,5.812537e-08,1.3350297e-08,9.577039e-08,1.9141797e-07,1.0878585e-08
6.73362e-06,9.62529e-07,8.4152745e-08,1.1536031e-05,1.0719998e-05,5.3145084e-07
1.1397635e-06,1.8299805e-07,6.5997687e-09,3.316119e-08,2.9761493e-06,8.508445e-09
0.00020310313,1.3951073e-05,7.533738e-05,4.756304e-07,0.00018825389,2.2605614e-06
0.009343833,0.007175493,0.00010400316,0.5022533,0.0033039262,0.00011876794
9.540237e-05,0.00018514702,9.196319e-05,1.2115458e-05,5.0593117e-05,6.509661e-05
1.3617746e-06,2.997613e-08,8.1333065e-09,4.4612918e-07,9.887333e-06,6.473182e-08
0.0006183232,0.0006180527,6.2308485e-05,0.016688349,0.002538625,0.010636462
3.4742163e-05,7.140287e-06,1.2123501e-06,0.00016798127,2.4026029e-05,9.3340304e-08
0.002759098,4.5098623e-06,6.8709473e-06,1.505438e-05,0.00025790557,2.0268765e-06
2.9695389e-07,1.4487195e-07,1.5438859e-07,1.5405311e-07,7.487169e-07,2.8932751e-08
7.8290155e-05,2.0014486e-06,5.934039e-07,8.317628e-07,4.4744822e-05,6.432229e-07
5.5465836e-07,8.337163e-09,7.5621855e-09,4.046629e-08,9.275771e-07,3.5596788e-08
2.8477572e-07,5.574445e-08,6.1404684e-08,1.06114165e-07,7.22672e-06,7.191255e-08
5.862172e-05,0.85975206,0.014108825,5.69071e-07,0.00044969402,3.6794372e-05
2.9462824e-06,9.330524e-08,2.803221e-08,1.2033672e-07,7.991955e-06,1.2064997e-07
0.0007775727,8.935453e-05,2.2540136e-05,0.0001863471,0.003949805,6.148832e-05
0.009269774,8.928961e-06,3.036435e-06,9.436759e-06,0.0038917677,1.311212e-05
1.2484611e-05,1.1826364e-06,1.0800693e-06,9.2894305e-07,4.1987794e-05,2.8517414e-07
8.724479e-06,7.669286e-08,3.433694e-08,4.625319e-08,1.5397247e-06,6.259775e-08
0.60008013,0.00024415154,3.6179936e-05,0.000133264,0.0010325065,4.0276598e-07
6.2806146e-07,1.2878421e-07,2.7321857e-08,4.600521e-07,1.9736349e-06,2.619426e-08
4.6285195e-06,4.3335808e-07,7.70689e-07,8.566252e-07,6.4725364e-06,1.7861989e-07
0.00015513613,5.741206e-05,2.264882e-05,0.0016350666,8.1217884e-05,1.6149722e-06
1.3509143e-06,1.5262556e-07,8.996144e-08,7.947296e-08,3.284145e-06,2.4779233e-08
0.102129824,0.09083546,0.062706724,0.0062770313,0.04976169,0.00075556117
0.31769434,0.6999705,0.04611569,0.0022571525,0.017974187,0.00040155684
0.0005281392,0.0012370888,1.1661899e-05,0.5318099,0.0015083611,0.0006264461
0.520603,0.00037756038,8.5182335e-05,0.0007732291,0.0027655645,3.7630737e-06
0.0013560376,0.00015209205,0.8661343,1.5688622e-05,0.006890871,0.000108659784
0.00031191474,2.1189362e-06,1.01034914e-07,1.0759111e-05,1.798875e-05,5.9334e-08
1.5519564e-07,2.765668e-08,1.2245922e-08,3.4041219e-07,1.2152742e-06,4.0731565e-09
0.0076594753,4.4480792e-05,1.2531515e-05,4.414796e-05,0.7818691,0.0022261518
3.0759547e-05,7.205761e-05,4.4514677e-06,5.7173766e-06,1.7250824e-06,2.6971684e-08
1.065706e-06,1.1360896e-07,7.728346e-08,4.0705334e-08,2.4148978e-06,2.9340432e-08
5.4896594e-07,3.8867906e-08,1.2909993e-08,1.5912672e-08,2.5826878e-06,4.7683393e-08
5.0217654e-06,6.56194e-08,1.2315372e-08,8.43673e-08,4.219299e-06,6.012127e-09
0.003969343,0.0005043751,0.75348425,0.00010046059,0.0015255127,0.00013203606
2.3564233e-05,0.0009852514,0.004018679,1.0666893e-06,3.1818297e-05,2.6911903e-06
0.0012930372,3.0260479e-05,1.890805e-06,0.011865581,0.033195328,0.00061562355
0.0033282577,0.7033912,0.015030736,0.0001577386,0.07954081,0.00014016488
5.5515815e-05,6.975056e-06,4.675786e-07,2.005503e-06,6.447678e-06,6.348391e-07
0.0003617647,3.5447712e-05,6.7753336e-07,6.99539e-05,3.4669083e-05,2.6737615e-07
3.1174645e-07,1.0934652e-07,2.132094e-08,4.1329162e-08,1.5396088e-05,1.5055868e-07
3.8924286e-06,5.7597184e-08,2.148722e-08,2.4385213e-07,1.34708025e-05,3.4090144e-07
5.180385e-05,3.4933865e-07,1.6889261e-07,2.834991e-06,3.6705324e-06,1.1326127e-07
2.4236422e-06,4.7660346e-06,7.22573e-07,7.719286e-08,1.9012383e-06,7.751523e-08
3.770816e-05,8.979934e-06,4.1323788e-06,0.00016668584,8.53982e-05,3.1232128e-06
0.0013211187,4.656685e-05,2.2310846e-06,0.00041921888,0.0025177717,0.00086978375
0.00032245895,0.842998,0.0007240429,3.2038063e-06,0.0025310921,4.024088e-06
2.7905096e-05,5.0949515e-05,4.642178e-05,0.002022934,2.1694605e-05,2.447935e-06
3.569977e-05,0.11378271,0.005354238,1.8185552e-06,2.8695838e-05,4.6187174e-06
0.05359311,0.0022111866,0.0009208482,0.0032575259,0.27683535,0.002327891
0.000111284884,0.00043703287,0.0001532669,0.000656346,8.390982e-05,9.337384e-07
1.2798156e-06,1.0997145e-05,2.121579e-06,6.487879e-07,2.960028e-05,2.5352742e-07
9.624652e-06,3.0210886e-06,8.041595e-07,2.3316557e-07,9.408938e-06,3.4994347e-08
6.929151e-05,9.647498e-06,2.8481097e-06,7.6284196e-05,5.6731977e-05,3.068319e-07
9.1729004e-07,4.7242974e-08,9.838824e-09,2.2059382e-07,2.077455e-06,4.597718e-08
1.2486198e-06,6.182636e-07,5.642888e-08,8.0348264e-07,7.6229976e-06,3.2000332e-07
1.6456848e-06,3.3220113e-06,5.442852e-07,9.976499e-06,4.400358e-05,3.4181269e-06
1.9331175e-05,1.8828912e-06,2.052381e-06,1.9051362e-05,0.00030429027,0.7279092
0.42005044,0.0015444343,0.00031179015,0.002365703,0.003597378,4.1675914e-05
0.011534524,1.9144259e-06,3.965515e-06,3.2612274e-06,0.00015882435,5.035698e-07
0.0019582866,0.7481598,0.004185377,0.000119817065,0.007276839,1.9813215e-05
0.00010085047,5.9327176e-05,2.0394216e-06,0.0021048929,4.4001146e-05,1.3812619e-06
0.0026018103,7.810948e-06,2.3828493e-06,0.00025205716,0.00038918573,1.2053086e-06
0.005739047,0.00054804917,0.78082097,0.00028063127,0.011539647,0.0002963027
1.3061085e-06,3.6676e-08,3.248004e-09,1.7063504e-08,9.670525e-08,2.1330693e-09
0.0038371377,0.0009405723,0.66119725,0.0017901099,0.0031631093,0.00033383432
0.0001933669,0.00025116955,6.945584e-05,0.015833832,0.00012102817,1.822537e-05
4.2416013e-06,3.4809753e-07,4.687099e-07,3.944973e-07,1.759576e-05,6.727912e-07
7.731044e-08,3.1583338e-09,1.2080091e-09,6.1330097e-09,2.1621186e-07,3.2354173e-08
1.1917937e-06,5.2375015e-07,3.6367862e-07,2.1802373e-06,2.601108e-05,2.7116693e-07
0.0010845258,2.726452e-06,2.8650081e-06,3.0419558e-05,2.0006904e-05,1.3460607e-07
0.25509256,8.733094e-06,3.9956176e-06,5.125823e-06,0.00023353718,7.1431473e-06
4.4712873e-05,7.000927e-06,3.2065396e-05,5.223049e-06,4.1678933e-05,4.595159e-06
3.515076e-06,3.237374e-08,1.33900535e-08,6.797241e-07,1.2119329e-05,2.7150745e-07
1.2977615e-05,1.6153265e-06,2.4495202e-07,1.8525103e-06,0.00044270334,7.3456465e-07
1.3041324e-05,2.542999e-06,1.8361757e-06,2.1395577e-07,2.6474609e-05,4.268617e-07
0.00075928954,7.432202e-06,2.0341693e-06,4.863433e-05,0.008331539,8.020695e-06
2.9489388e-06,3.1129955e-06,1.6002453e-07,3.6541024e-08,5.995182e-07,1.7722933e-09
0.00400975,2.983666e-06,1.5734042e-06,0.00022706762,0.0016479525,0.6700065
3.1492968e-06,1.4320844e-07,1.0152771e-07,1.5226428e-06,4.2735114e-06,5.220949e-08
2.3653724e-06,5.1745525e-07,3.8887524e-07,2.373751e-07,1.7677976e-06,3.6434336e-08
6.58819e-06,1.575837e-06,3.3765195e-07,2.7043347e-07,4.815497e-05,3.9762926e-06
6.946883e-06,3.2703917e-07,1.8265975e-08,2.8394609e-06,3.8302827e-05,1.5759197e-06
0.00013537523,6.2189483e-06,3.5792453e-08,5.827237e-05,3.0412455e-06,0.00019315754
3.866155e-05,1.145245e-05,2.8088357e-06,0.0012207534,3.6441847e-06,1.1174714e-06
8.233025e-06,3.3609382e-07,1.9617103e-07,3.077838e-07,0.00011585448,5.26784e-06
6.780181e-07,5.871616e-08,3.0338891e-09,1.0948384e-07,1.4438467e-06,4.126156e-09
0.0002928595,1.0123771e-05,5.9244377e-07,0.0004753425,3.6486435e-05,0.0001438135
0.00011826322,1.2583251e-06,1.0704496e-06,2.4823287e-06,8.126686e-06,5.5599614e-08
0.013606403,8.424632e-05,1.9382345e-05,4.706931e-05,0.7933593,0.0005773247
3.4330076e-06,3.0872031e-06,2.2168246e-07,1.6010405e-07,8.246273e-06,1.6632903e-06
0.02256947,0.00017585656,2.9825716e-05,0.0013338451,0.07720495,0.0003511948
0.00017874636,6.7098e-05,2.1408514e-05,0.009721986,7.766842e-05,4.080935e-07
1.0510475e-08,7.641744e-09,1.1748155e-09,7.944414e-09,6.7604574e-08,1.1777905e-09
1.8820509e-06,2.0480702e-07,9.798806e-08,1.0331688e-06,1.5308256e-06,1.7394079e-08
0.53986675,0.0026862642,0.0024950837,0.00072055677,0.0014163008,4.25643e-07
0.0041222554,0.8200801,0.0129087055,1.889539e-05,0.8235585,0.00071734824
9.566781e-06,1.11011296e-07,1.34875595e-08,2.4321938e-08,2.1532864e-05,1.1248146e-06
4.8420716e-05,3.0861267e-07,4.607001e-07,6.9350544e-06,0.0005994231,0.7587799
6.574954e-09,5.4435243e-09,1.802003e-09,3.529039e-09,3.511282e-08,4.3167576e-09
0.00010678039,2.3484661e-05,9.888776e-06,0.0028436305,3.7051308e-05,0.00073574536
0.6322779,0.00013193274,7.085604e-05,4.4396675e-05,0.0025014232,2.4901674e-06
3.1660502e-07,2.2082277e-08,3.4325722e-09,4.1201187e-07,1.3673078e-06,7.074636e-08
0.00081322447,0.0019244774,9.801517e-05,0.24201953,0.0018466251,1.180524e-05
2.7500815e-05,5.1222225e-05,1.7606184e-06,0.012997861,3.6751175e-05,2.3476612e-06
0.00016594921,1.3547884e-05,1.7584235e-06,1.6371336e-05,6.7501946e-06,9.2831516e-07
0.0006607798,5.569659e-05,6.4233677e-06,5.297087e-05,5.272077e-06,2.8819935e-05
1.5905033e-06,1.8663422e-07,1.1226371e-08,1.220824e-07,2.3877037e-05,9.067563e-07
8.0274e-08,1.2814805e-08,8.032114e-09,4.445895e-08,4.175712e-08,9.0206204e-10
4.5945578e-07,6.8727335e-09,3.8135894e-09,2.285676e-08,1.4171033e-07,1.72031e-09
4.983713e-07,1.4322991e-06,6.901044e-08,2.464357e-07,4.433521e-06,1.4477639e-06
1.1807318e-06,4.9031122e-08,1.8195005e-08,1.1963824e-07,1.1973226e-05,4.197904e-08
3.29519e-07,6.2989125e-09,1.770057e-09,1.5251143e-08,1.4304385e-06,1.6946418e-08
9.077453e-07,2.5092908e-07,1.3684532e-06,2.5636476e-07,7.80578e-06,8.8854597e-07
9.612882e-06,1.7589301e-06,6.627858e-07,6.813148e-07,2.0393481e-05,3.1577438e-05
1.1970509e-05,3.150917e-07,3.7994556e-07,2.8586905e-07,1.6539607e-05,2.9513032e-07
0.00018725528,0.55937785,0.0024342625,1.916064e-06,0.0016531557,0.0043091606
1.1896556e-08,1.3851926e-09,7.1816536e-10,1.056327e-08,1.6942724e-07,1.0655261e-08
1.4855019e-05,2.5007575e-06,4.3226223e-07,5.37782e-07,3.7915386e-05,6.504144e-05
0.00020566846,0.0009674182,6.3687665e-05,0.24593286,0.00060810347,0.00018388273
8.7269254e-05,5.0924423e-06,1.165071e-06,0.0003394144,0.000643352,0.4247207
4.41742e-06,2.3680396e-07,9.725147e-08,7.007353e-07,7.2897647e-06,2.8369353e-08
0.00089809723,0.0002859312,0.00035416547,0.0037237743,0.0016015209,0.0045168693
2.1607371e-05,5.6697577e-06,6.140914e-07,1.1348296e-06,0.00010138194,0.00016701946
1.1840937e-05,1.4129673e-06,1.6966266e-07,0.0005981233,9.7734855e-06,2.2577855e-07
8.608466e-06,1.1516831e-06,4.7120136e-07,1.4841715e-06,2.106705e-05,2.6501925e-07
3.4855934e-06,3.772312e-07,3.4235745e-07,1.6810216e-07,1.3335519e-05,1.026624e-07
0.0009081063,0.001752939,1.060111e-05,0.6291648,0.0003538828,2.0021861e-07
0.00017303819,0.00013859873,3.0634987e-05,0.00058179384,0.0003421832,0.0059621567
5.6148892e-06,4.5730548e-07,9.560301e-07,1.488705e-06,8.000908e-06,3.2008476e-08
3.0323286e-06,4.2643813e-07,3.2132505e-07,3.3479193e-06,2.1583726e-06,3.9861717e-08
5.9821207e-07,1.0042357e-07,1.5326174e-08,2.3762267e-07,1.2727761e-05,2.2024777e-08
1.5495603e-05,3.2772966e-06,1.2972502e-06,3.327611e-06,1.64432e-05,1.9262862e-07
6.2507206e-05,0.0021955997,0.0032363432,7.1375634e-06,0.0004582653,6.484739e-06
0.048332978,0.019610187,0.004322256,0.013380512,0.022082837,0.038434964
6.432316e-05,9.919729e-06,3.4289699e-06,0.00040235135,8.042577e-06,1.3142974e-07
9.339806e-06,1.7858717e-07,5.198363e-08,8.964966e-07,3.6977253e-05,7.186661e-07
6.549156e-05,8.25023e-06,3.656627e-06,2.4034193e-06,0.000119330085,1.9315673e-06
2.71517e-06,3.9001506e-07,5.246354e-08,6.858109e-07,1.4603802e-06,2.278759e-08
1.0250582e-05,4.3431323e-06,8.8492993e-07,4.6648947e-05,0.00027908906,0.59286726
2.0147998e-05,5.1094946e-07,2.74954e-07,7.268269e-07,0.0001852731,1.9167608e-07
1.6482829e-05,7.670623e-07,3.2017823e-07,5.189121e-07,0.0001586695,4.410801e-07
2.5948048e-06,2.9769867e-06,4.3299356e-06,4.3268332e-07,8.216193e-06,6.4289725e-07
4.52309e-06,2.131135e-07,3.8480493e-08,1.5825946e-06,2.8732313e-05,1.9012383e-06
0.5086284,0.0024123222,0.006375594,0.00057806616,0.012989483,3.3653905e-05
1.6257525e-05,6.798824e-06,1.9845725e-06,4.8792253e-06,0.00010637733,1.0310142e-05
3.8305407e-06,3.7479813e-07,6.236929e-08,2.8237613e-07,1.0496731e-06,1.12349646e-07
0.0024031275,0.0016237915,0.00024918167,7.308529e-05,0.0025432948,2.7434491e-05
2.5847581e-05,2.881215e-06,9.706876e-06,3.939995e-07,1.43348125e-05,2.2153071e-07
6.565842e-06,7.40998e-06,1.9969661e-06,0.0011442542,1.5614577e-06,3.60041e-07
0.0004120246,0.78051853,0.0027785231,0.00015502375,0.006012047,0.48018774
3.269458e-06,9.985687e-08,5.4928492e-08,4.106636e-07,9.20349e-06,4.8205916e-08
3.165303e-06,5.0624703e-07,7.074851e-08,1.7718328e-05,1.8667959e-06,9.6442e-09
1.03566904e-07,1.8726341e-07,6.2504336e-07,3.031288e-08,2.0956031e-07,4.5935458e-08
1.714998e-05,3.4631543e-07,6.515285e-08,2.1556558e-07,0.0003299312,9.905746e-07
0.0009639275,5.1768825e-07,4.112817e-07,4.8884144e-06,3.2963806e-05,1.1652211e-06
1.7985183e-05,2.9992432e-07,5.4987396e-07,8.277508e-07,5.5963174e-06,1.5375838e-07
2.9585774e-05,9.570646e-07,2.1893018e-07,1.716613e-05,4.743651e-05,1.8082933e-07
1.39588055e-05,1.9178558e-06,4.7211043e-07,2.0751777e-05,7.114871e-06,2.813645e-08
0.008430056,0.010690555,0.00022573661,0.00023229758,0.0005553251,0.00023620247
2.4695673e-08,3.189103e-09,2.9129016e-10,3.2635006e-11,1.2594245e-07,1.5638794e-09
0.0011806244,1.7013534e-05,5.5967394e-06,0.000552688,1.3710495e-05,5.048112e-06
6.975386e-05,4.7136407e-08,2.2538572e-07,4.3715366e-07,0.016311541,0.7186438
0.000115667826,5.163399e-05,9.609693e-05,5.6419635e-06,4.400219e-06,1.3650418e-07
2.9417492e-07,3.7122603e-09,3.7333758e-10,6.133866e-08,9.421933e-07,3.4750638e-08
2.7887188e-06,6.230615e-07,2.344417e-06,7.877415e-06,3.763185e-06,1.6698911e-07
0.0103698205,0.0005168587,0.27724412,0.0001123521,0.8106181,4.8961654e-05
1.8552809e-06,8.6702875e-07,8.072084e-07,5.8897307e-08,9.9414065e-06,6.081061e-08
8.169516e-06,5.168334e-07,4.82337e-07,1.0813895e-06,1.7895294e-05,3.03346e-07
0.0004833669,0.00026202612,2.5631905e-06,0.0005019708,0.00015835042,0.0015510774
0.00079794903,0.82057613,0.014327471,9.233918e-06,0.0027981475,6.0520426e-05
2.6799366e-06,5.926642e-07,1.1082259e-07,1.0288347e-06,9.51021e-06,4.4524125e-08
4.47052e-05,3.347715e-06,8.41742e-06,1.8824405e-06,0.00038970215,0.00021184637
4.2402324e-05,1.8688871e-06,1.8833173e-07,2.3579858e-05,0.00028213602,0.73352593
0.00019950874,0.0004083595,0.8218309,3.0387026e-05,0.0004353147,1.10179735e-05
3.3318904e-07,1.9176896e-07,1.6976786e-07,2.3984637e-07,1.1362634e-06,4.4770143e-08
0.0008569415,0.0037442537,6.643433e-05,0.36570907,0.0003720343,3.4736597e-05
5.626273e-07,5.0757546e-08,1.0318789e-08,1.331995e-06,1.6573953e-06,1.08312385e-07
1.2553438e-07,2.9971539e-09,9.596798e-10,1.8299382e-08,1.7667296e-07,2.7534608e-09
0.002434403,0.00017320491,0.7404056,0.0009231041,0.003613302,0.0004195309
1.4349994e-06,9.0880206e-07,2.4415206e-07,1.3954399e-08,1.742691e-05,7.3225688e-06
0.00018520067,0.8149372,0.002311975,5.6514577e-06,0.0010789355,1.5438989e-05
0.002145977,0.00047953622,0.0002983422,1.5354899e-05,0.6501738,0.0037116813
0.0020065755,0.5255321,0.0010690856,4.9017297e-05,0.12982668,2.8641011e-06
2.0974114e-05,1.4023071e-06,5.4925397e-07,6.595671e-06,0.0006705665,0.73383534
1.4582324e-05,6.0933735e-06,8.789146e-07,3.3463348e-07,2.5364583e-05,5.335444e-05
0.0090945335,0.000112439135,0.000133272,0.00039063537,0.21630925,0.00041702742
1.5660731e-05,2.656725e-05,5.7207467e-07,0.006574687,3.9108123e-05,0.015521402
6.2536037e-06,0.0006143086,9.776979e-07,1.0358998e-06,3.0689174e-05,3.7785767e-06
2.6221656e-05,2.99177e-07,4.1419761e-07,1.8322699e-07,6.036949e-06,6.407256e-08
1.2384279e-05,2.0499554e-06,2.1215413e-07,2.5085228e-07,0.001120325,5.9406244e-07
3.9379547e-06,8.468264e-08,3.8255827e-08,1.05106555e-08,5.928324e-05,3.9690264e-07
2.51511e-05,4.8934517e-06,1.6165116e-06,6.0631108e-05,0.00012557258,4.267876e-07
0.00013640382,0.0001489441,2.2269129e-05,0.0034878335,4.8822058e-05,0.0003551714
3.4338623e-06,8.3938477e-07,2.2882742e-07,1.5814388e-06,1.6048243e-05,4.9902713e-08
0.0021433656,0.5364954,0.0061670453,2.0669853e-05,0.00034896872,3.262682e-05
0.00015377707,0.0005262779,1.32017185e-05,0.0001526018,6.8690395e-05,1.1002904e-06
1.0194156e-05,3.1910462e-05,5.7257853e-06,2.6720537e-07,1.8016564e-05,6.6948874e-06
8.7701395e-05,1.5414172e-06,1.6905356e-06,7.3529945e-06,3.4778368e-06,6.898281e-08
0.00010767199,6.155799e-06,1.8958356e-06,1.0909816e-06,0.00014548059,2.1298449e-07
2.6323354e-05,8.483964e-06,3.757784e-06,5.21468e-07,0.00019419854,1.320838e-06
1.012104e-05,2.1600721e-07,2.2453122e-07,6.5961717e-07,8.746963e-06,1.0601261e-07
3.2635483e-06,2.2463992e-06,3.8459805e-07,1.8616831e-07,1.2432217e-05,3.802377e-08
0.0014400507,3.430321e-05,0.84734344,1.3545223e-05,0.0007418759,0.049146418
4.0458217e-06,1.6479999e-06,6.5364884e-07,7.3097794e-06,2.294547e-06,5.7110928e-08
0.00012520206,3.5319003e-06,1.1265247e-06,8.499193e-07,0.00032172565,3.6594283e-06
0.011828555,0.007103417,4.5057357e-05,0.60696715,0.002431852,8.0578013e-07
4.2588704e-07,3.4768807e-08,7.0372224e-08,2.4876691e-08,1.2005729e-06,5.0166108e-08
3.7336198e-05,2.4649707e-06,1.5198037e-06,0.00015927234,2.2832895e-05,7.285796e-06
0.0013804074,0.0001721433,7.928362e-06,0.0007678,5.6476656e-05,0.0007677141
3.4023244e-06,3.3583237e-07,8.170626e-08,1.6141285e-06,4.1455864e-06,5.8618582e-08
1.1351067e-06,1.128154e-07,4.581908e-08,3.9577816e-07,8.20085e-06,8.95087e-07
0.00035282993,1.1452091e-06,2.0182667e-07,4.962622e-07,1.3737693e-05,9.814796e-07
1.5912732e-05,2.1808028e-05,1.1936409e-06,3.0161203e-07,0.00034471776,5.4561324e-06
0.00041178567,6.169752e-06,3.3536746e-06,7.6143874e-06,1.3851328e-05,7.584121e-07
0.0005497241,0.0010540644,0.7234835,5.7543716e-06,0.0017754397,0.000101367455
0.0004077663,6.4294036e-05,7.955188e-06,0.0040241024,6.86843e-05,9.0045353e-07
2.0578575e-07,3.2258047e-08,1.9320959e-08,7.0744335e-08,1.6454605e-05,2.7733972e-07
8.478844e-06,7.642686e-07,2.6412547e-08,1.0766333e-06,9.771339e-07,2.0228157e-08
9.297131e-06,3.1676736e-06,6.2897254e-07,2.2241811e-05,2.479355e-05,1.9452082e-07
0.0008036091,8.104998e-06,2.5831755e-06,3.4997195e-06,0.00018218411,1.0743595e-06
3.7898687e-06,3.4064666e-07,9.294183e-08,8.411354e-05,6.4374726e-06,1.1060251e-08
0.0075752223,0.63945925,0.025789304,0.00022768766,0.008065485,0.00015136128
1.6639942e-05,5.390066e-07,7.969823e-08,1.7834685e-07,8.2961117e-07,5.6150807e-08
1.7749568e-05,9.108967e-07,7.123245e-08,1.14807945e-05,0.00028919973,0.7564415
5.3589614e-05,4.591728e-07,1.5620788e-07,3.210607e-07,1.2339445e-05,2.3556012e-08
1.0367604e-05,1.736246e-06,2.488745e-07,4.6617773e-05,0.00015792642,0.20624757
4.6169775e-06,3.118901e-07,7.844976e-08,1.6242693e-07,1.2669995e-05,9.50229e-07
3.5311964e-06,1.5893926e-08,2.8688587e-09,1.0293258e-07,7.74248e-06,1.733333e-07
0.06543221,0.001839348,0.000112094,0.009733493,0.25283647,0.00073450187
0.00024289961,3.4942088e-05,8.329437e-06,3.0629846e-05,0.00033588253,5.8217347e-06
5.022024e-06,1.3250722e-06,3.1576764e-07,5.1103407e-06,3.1916883e-05,1.7820608e-07
7.253026e-06,4.864168e-07,2.3105956e-07,5.4979118e-08,5.567221e-06,2.3441302e-07
3.1545463e-07,3.9502808e-08,4.8954383e-09,3.7929386e-08,2.9548545e-07,1.6802572e-09
0.33467937,5.9585498e-05,2.9343955e-05,2.7888069e-05,0.0010648106,9.570559e-06
2.9772007e-05,1.2056478e-06,1.1702502e-06,1.4923082e-06,0.0022609034,3.905421e-07
0.22821042,0.5078144,0.0033475286,0.018217655,0.27366298,0.00012302051
5.821335e-06,2.192647e-07,7.614786e-08,4.5717073e-07,3.4971238e-06,6.0456614e-08
0.0014655475,6.5210865e-05,6.178101e-06,0.00011287389,0.001401762,3.5082256e-05
2.4058474e-05,4.955366e-06,1.2637453e-06,0.0011213351,1.4117219e-05,5.975102e-07
9.692704e-06,5.7152997e-06,1.375137e-06,2.1869303e-06,5.543445e-05,3.656097e-06
5.09257e-07,4.526342e-08,1.7882059e-08,1.8304203e-07,2.8132133e-06,4.173968e-08
2.189514e-06,7.458322e-08,1.4559383e-07,3.3747554e-07,3.6187888e-07,2.4804296e-08
9.16136e-06,1.4081755e-07,5.509246e-09,6.7129124e-09,1.0441682e-07,1.48481485e-08
0.00050314394,0.00020613906,3.5303594e-05,0.00019861401,0.016904943,0.5385228
0.00024184816,0.004078892,8.626003e-05,6.110307e-06,0.9208226,0.00049654447
2.4053472e-05,1.0823119e-06,1.988919e-06,0.00014280964,6.659793e-06,2.2590484e-06
1.3001622e-05,1.1216813e-05,2.1224635e-06,0.0018081514,3.0898393e-06,4.372404e-07
5.3984695e-06,2.3368158e-07,4.6789307e-08,8.3975226e-07,5.6402155e-06,1.1133144e-08
0.00078305404,2.3500457e-05,9.65297e-07,0.00018139543,0.000120178534,0.0013209557
2.0037913e-05,8.512082e-07,7.820428e-07,6.6917087e-06,0.00010111924,9.41661e-08
1.2210712e-06,5.033384e-07,9.264432e-08,9.02708e-07,4.2388695e-07,1.493307e-08
2.5799267e-05,6.600485e-06,3.722501e-06,0.00038834388,1.4789107e-05,1.9397357e-06
0.0049472842,0.005436018,0.00028939394,0.000104688035,0.7557838,0.0004897379
0.0001498577,1.1074342e-06,2.1753368e-07,1.0217789e-06,7.205137e-05,3.5301323e-07
0.00040297513,0.00010591364,0.8820622,7.0067645e-06,0.0069751646,0.0002334515
1.96637e-05,4.0430803e-07,3.6199106e-07,4.3247634e-05,5.530952e-05,5.332613e-07
2.3753391e-06,9.115044e-08,1.9646718e-08,1.1175673e-06,2.778274e-05,2.1566696e-07
0.0007963808,0.000114426846,1.29337795e-05,0.0009619188,9.939432e-05,0.00034554838
0.0008573425,0.004913415,0.00015236523,0.5089991,0.0016981853,5.1659506e-05
0.00030502363,0.0022301811,6.568977e-05,0.45936045,0.001594915,3.176301e-06
1.931706e-05,2.2623497e-05,2.5856603e-05,2.97876e-05,1.7739632e-05,1.8498127e-06
0.00026729188,0.00015922966,1.5643907e-05,0.0010130599,0.0012966817,0.5413697
0.00010045647,1.9877883e-05,1.0328678e-07,1.5472257e-05,1.11898025e-05,3.1964126e-05
3.135012e-05,1.0835987e-06,3.8278532e-07,2.6166455e-07,0.00028215078,1.6484306e-06
0.00034984326,1.4089565e-05,0.89621645,5.717692e-07,0.00029561392,3.8998813e-05
1.5691217e-06,1.8372481e-07,2.1910223e-08,5.131675e-07,1.3369059e-05,1.1348551e-07
4.120624e-06,3.9638556e-07,2.4113461e-07,0.00018864092,4.250733e-06,1.7835129e-07
1.1622795e-05,1.4421552e-07,7.627985e-08,1.0090404e-06,6.681839e-05,1.8002626e-06
2.4584558e-06,2.165319e-07,1.3465292e-07,1.3386399e-06,2.0122793e-06,4.734545e-08
4.520166e-05,1.3425764e-06,3.606269e-07,9.74465e-07,0.00018535384,3.6711313e-07
3.2595133e-05,1.1566701e-05,3.449022e-06,0.0006016028,1.8008612e-05,2.5752382e-07
0.00010188018,9.966561e-06,2.6667406e-06,0.0006567207,1.6831367e-05,7.663642e-08
1.9692412e-05,9.726371e-06,2.3170157e-06,0.0010794228,3.1707596e-06,2.3569794e-07
1.0043361e-06,4.26371e-08,1.8754754e-08,2.9519958e-07,1.9477623e-06,3.024756e-08
0.17320165,0.00011571216,0.79947823,0.00011822082,0.002057026,4.2507145e-05
2.4274266e-06,4.1753293e-07,7.6741e-08,6.487174e-07,6.5063956e-05,9.3174705e-08
7.8646885e-09,3.0191056e-09,8.011943e-10,2.226201e-08,2.930939e-08,1.4698575e-09
2.5357473e-05,6.4716537e-06,2.0902173e-06,2.5825972e-05,0.00023075653,0.054175097
0.0003953575,0.00047854765,1.7697239e-05,0.101125814,0.00031061436,1.0739593e-05
1.6707763e-05,9.285392e-07,5.1699942e-08,3.1526836e-06,5.4639957e-05,4.6885484e-06
1.2060148e-05,0.00010586963,2.6374415e-05,0.0010123806,3.8682712e-05,4.976447e-07
0.0001822081,4.1480478e-05,4.4776876e-05,3.9441835e-05,2.1553346e-05,1.6538127e-06
1.0223217e-06,8.28757e-09,9.2204233e-10,6.967983e-08,5.8231954e-06,5.7769034e-07
6.7044457e-06,2.9700786e-06,6.038269e-07,0.00024141179,2.1148273e-05,4.9427894e-07
9.89843e-05,1.0091857e-06,3.0982076e-06,2.0844368e-06,1.3400792e-05,1.09605864e-07
5.6733484e-07,4.0810438e-08,2.8263656e-08,1.0694109e-08,1.876225e-06,3.371162e-08
5.2595973e-05,6.61694e-06,1.8742238e-06,0.00051101967,1.126718e-05,1.6752872e-06
0.12678535,0.7025203,0.018795688,0.00027551124,0.0012460201,1.11231575e-05
5.5402047e-06,0.0007515714,1.8366927e-05,7.462348e-07,0.00011310164,5.56192e-05
0.0016251969,1.1520167e-05,4.5403644e-06,1.583418e-05,0.0005408546,1.4539849e-06
3.4902098e-07,2.2086237e-08,9.498086e-09,1.2634769e-08,6.057198e-07,2.8155776e-08
0.002560598,0.008430319,0.00010929295,0.019413887,0.029429346,0.0079590725
9.059663e-07,2.4674495e-07,1.347097e-07,1.1192354e-06,3.2432413e-06,9.762745e-08
0.00040190647,6.8802234e-05,8.8952436e-07,0.0006816878,0.0022145526,0.38096073
2.7801292e-05,1.6602714e-07,3.5618288e-07,3.0297798e-07,3.6528559e-06,3.108312e-07
4.3689692e-08,7.050493e-09,5.0753335e-10,7.124342e-09,4.6636637e-07,8.158461e-09
2.4749586e-05,4.5297293e-06,3.9342916e-07,7.9418464e-07,0.001859833,1.9682648e-06
3.1902397e-05,7.340805e-05,5.17576e-06,3.782478e-07,4.511024e-05,1.4324576e-06
0.0017880328,0.72984743,0.0015647055,0.00011784826,0.0030770898,7.1938215e-05
1.3852524e-06,2.7462536e-06,2.8883275e-07,3.990752e-07,2.876848e-05,1.5432764e-07
1.7126014e-06,5.937985e-07,5.9729257e-07,1.995558e-07,3.8124167e-06,4.1973514e-08
6.1963834e-07,2.9577885e-08,1.0854811e-08,4.280239e-07,1.3167983e-06,4.901654e-08
8.394936e-07,1.8404765e-07,3.93732e-08,1.8775876e-07,4.7828776e-06,4.2369317e-09
9.949128e-08,2.4277723e-08,4.427133e-09,2.1842668e-08,1.3367913e-06,7.682184e-08
5.1371277e-05,1.315479e-06,1.2086913e-07,1.05935205e-05,0.0003203713,1.9833622e-07
7.0067713e-06,8.1759947e-07,4.384693e-07,6.7975685e-05,2.806498e-06,1.9271681e-07
0.11454551,0.8099816,0.019672614,0.29563746,0.014694318,9.351393e-07
0.00029826653,2.2996961e-07,7.183099e-08,6.660954e-07,3.6597496e-05,2.792128e-07
1.074003e-06,4.5177688e-07,4.6674323e-08,1.0743342e-05,2.4786386e-05,4.5586506e-07
0.000543516,0.008813112,8.685469e-06,0.00027725328,0.005891041,0.44472617
2.338666e-05,6.332271e-07,1.3785007e-07,7.06339e-07,6.4645516e-05,2.9333887e-06
2.6391624e-05,1.7045634e-06,1.2482694e-07,3.7678535e-06,2.6223082e-05,0.00012525986
0.0016533274,6.419931e-05,6.1350496e-05,0.00018602682,0.008108877,1.7444603e-05
1.6218668e-06,2.5689658e-07,4.6809345e-07,1.5261203e-07,6.3119137e-06,8.130812e-08
1.3419466e-06,9.032353e-08,3.832755e-08,5.1071314e-08,4.0233167e-06,2.4496993e-08
1.4159566e-06,1.04787716e-07,3.2642532e-07,2.3681293e-08,2.6203988e-06,2.2111342e-07
5.731761e-07,1.0345335e-08,4.3044253e-09,1.8302488e-08,2.0119185e-06,1.1588324e-08
1.4026895e-07,5.1698265e-08,5.3978695e-08,2.9761635e-08,9.758563e-07,1.1763564e-08
0.00022504247,6.8398153e-06,2.5743026e-07,3.2725306e-06,6.492153e-05,3.614464e-06
3.0511597e-05,2.0916758e-07,1.14148895e-08,1.1744653e-06,4.2027814e-06,8.830339e-07
0.000101218706,8.77969e-06,3.5486466e-06,1.932804e-07,5.257025e-06,6.6471343e-06
0.009112694,0.00020979947,0.00039144335,6.3110616e-07,4.8420115e-05,2.3032835e-06
5.5705175e-07,1.1577813e-07,6.6270616e-07,1.1016416e-08,1.120952e-06,3.220724e-07
0.0005492234,5.1237614e-05,1.5697437e-05,1.1059281e-05,0.00023829441,2.5947875e-07
9.256207e-05,2.1088938e-05,2.279852e-05,3.0884105e-06,7.1167946e-05,3.5801852e-06
0.02188797,0.005978049,9.2298804e-05,0.37604636,0.05945961,0.004839869
0.020373853,3.1736306e-06,3.0283288e-06,1.033351e-05,0.47600436,0.653222
1.8930834e-05,3.832269e-06,2.6607859e-06,2.119107e-05,0.00014529981,1.3870191e-05
0.00439721,4.293704e-06,1.6511746e-06,8.143016e-06,5.2466527e-05,1.3378202e-07
1.9117368e-07,2.646281e-09,2.935871e-10,8.274211e-08,6.528726e-07,6.206535e-09
0.0036959508,0.0021688412,0.00018370136,0.036979456,0.0187957,0.0034359186
1.0238804e-07,1.6036199e-07,8.345201e-08,8.0749736e-08,1.4212573e-06,4.2508642e-08
4.8497765e-07,4.8438086e-08,8.819195e-09,4.8840995e-08,5.0104854e-06,7.1876594e-09
1.999169e-06,8.764916e-08,1.6672171e-08,1.4632909e-07,1.7566318e-06,3.7918102e-08
2.990207e-05,2.9121887e-07,3.236859e-07,7.6309163e-07,0.000103817874,1.3483607e-06
4.1153417e-06,7.43449e-08,3.531977e-08,1.1150085e-07,7.957184e-06,1.2624103e-07
0.07881425,2.2873455e-05,1.03637385e-05,3.3872046e-05,0.00029449238,1.763603e-06
3.092193e-05,0.00015314989,0.00013307379,1.2764544e-05,0.000115372706,6.744313e-05
0.006861548,2.1765061e-05,1.1813349e-05,0.000100424,0.0011013793,8.887427e-06
6.456705e-06,9.107693e-08,1.5343371e-08,9.249641e-07,0.015830096,0.7544595
5.7967713e-06,7.9666364e-07,3.756745e-08,4.8936204e-07,2.9085133e-05,1.0792191e-05
7.5371777e-06,2.6343478e-06,2.8402417e-07,3.2550433e-05,1.2432667e-05,3.2470087e-08
0.012683347,0.68503845,0.056259368,0.043233242,0.027398596,5.559131e-05
4.6263912e-07,7.341879e-08,1.7910049e-08,3.9129966e-07,1.6858505e-06,1.0033872e-08
4.2244636e-05,1.04015135e-05,1.0662081e-06,0.0009276333,1.1559874e-05,1.276064e-07
3.3676674e-06,1.9431354e-07,3.8272468e-08,8.76468e-07,4.463432e-05,9.438493e-08
0.0021485854,0.7458209,0.01944817,5.6426684e-06,0.0013551944,9.73459e-05
0.049200874,0.18537848,0.0017928018,0.0018614926,0.00085027394,3.048153e-06
5.876692e-06,0.001577619,6.64133e-05,1.1066603e-06,3.8693637e-05,6.446817e-06
2.263303e-06,3.0711813e-06,5.3254115e-07,1.1552357e-07,1.7324815e-06,6.942936e-08
0.00019100613,2.4770601e-05,3.5571484e-05,4.7415528e-05,0.00027228025,3.685323e-05
4.328635e-06,8.3231846e-08,1.6601092e-08,3.3267238e-08,5.013521e-05,2.5203133e-07
0.0033865455,0.84480083,0.0073869242,0.24679196,0.0016180775,7.140602e-08
9.976856e-05,3.8771573e-06,9.60677e-06,6.087728e-05,6.927533e-05,3.3782792e-06
8.2064133e-07,2.41228e-07,2.530858e-07,8.5955486e-07,8.09915e-07,7.0297332e-09
0.00018020936,4.440973e-06,5.0076e-06,1.4661709e-05,2.3610055e-05,9.859397e-08
1.11573245e-05,2.3260286e-06,2.5448646e-06,5.476801e-07,7.4030645e-06,7.524305e-07
3.9997744e-07,2.9439526e-09,8.1288976e-10,1.242544e-08,1.5241481e-05,1.467925e-08
0.00010421483,0.0007718774,4.1685844e-06,0.5036709,7.107422e-05,3.2790105e-08
0.025256457,5.3876324e-06,2.3306004e-06,5.5187106e-06,0.00012370489,1.9994854e-06
5.8605283e-06,6.9717976e-07,2.3915953e-07,1.1628975e-06,6.60121e-05,9.791181e-07
0.00012791327,8.2761915e-05,9.286533e-06,0.0005278808,0.0015912653,0.29642367
0.0007564837,0.0024725678,1.9650934e-05,0.6406979,0.0004986195,1.6793584e-07
6.874576e-05,0.85359454,0.0016029679,2.5616441e-06,0.0004358245,8.407255e-06
0.0017548292,4.7914875e-07,1.6112065e-07,3.4668724e-06,0.00019519505,9.011597e-06
6.572223e-07,7.0652294e-07,1.7908755e-07,2.8965438e-08,6.608068e-06,7.555686e-08
0.0011873184,4.1255495e-05,1.2728271e-05,3.7532795e-05,6.8407215e-05,3.2365024e-05
3.5258058e-06,2.4538753e-08,4.584441e-09,2.6181033e-07,0.00036167834,0.82283115
2.2420852e-05,1.3518436e-06,1.7716631e-07,2.8565205e-06,0.00017984236,4.0362947e-06
0.00020994134,0.00091226946,5.6107758e-05,0.07186693,0.0002919554,1.13831e-05
8.817014e-05,2.2404513e-06,7.911744e-07,1.1115512e-05,0.00021660767,3.505592e-06
0.00015393668,0.00018183893,3.6471753e-05,4.6897158e-06,1.2564542e-05,5.3219287e-07
4.647467e-07,5.2515702e-08,2.6545122e-08,1.492425e-07,3.1649967e-07,1.939927e-09
0.028756827,7.4636264e-05,3.281104e-05,4.1122337e-05,0.00037720043,4.105413e-06
7.94528e-08,5.0111573e-09,2.2462379e-09,3.6034396e-07,8.44629e-09,5.0434307e-10
0.2848817,0.00037326294,6.595779e-05,0.00021692346,0.00059960986,3.2017201e-06
4.6173025e-07,1.2121532e-07,6.273294e-08,3.4235418e-07,1.7884295e-06,2.0000773e-07
4.82573e-06,4.3068252e-07,9.590317e-07,8.438645e-08,4.2295765e-06,1.9194242e-07
1.0131876e-05,0.00066204567,3.0027659e-06,5.1193514e-05,9.268148e-06,2.924253e-07
2.066863e-06,9.438364e-07,5.8713695e-08,1.4096106e-06,2.5303218e-05,1.7241234e-06
8.388795e-06,1.5432073e-07,3.2563303e-08,1.1139664e-06,2.3452533e-06,9.825737e-08
0.00060951,0.0001276149,0.00027671718,0.0004366831,2.91895e-05,4.6010878e-06
8.1609156e-05,3.8616225e-05,2.974424e-06,0.0007011036,0.00013760936,8.731775e-07
1.1830249e-05,2.1147796e-06,4.349725e-07,2.3712448e-06,7.052195e-05,4.7539004e-07
0.0001919279,6.219522e-05,2.0379058e-07,0.0002080342,5.8499745e-06,9.2460796e-05
0.0006328965,4.539276e-05,4.786797e-06,4.617581e-06,8.2377825e-05,1.3113956e-06
1.8465843e-07,6.9415957e-09,6.3208287e-09,1.0245247e-08,1.0569084e-06,6.951695e-08
9.3176575e-05,2.438974e-05,1.9355286e-05,8.9319445e-05,0.0016638427,0.019342594
4.0856572e-05,1.8167923e-06,2.1291007e-06,1.212793e-06,7.007067e-05,7.6748745e-07
0.0056946618,1.5574035e-07,2.4341942e-08,2.0573036e-06,7.2020455e-05,1.378948e-06
0.0062260143,0.00047904835,0.0001598877,0.0004020864,0.0003156511,1.0863534e-05
3.7074436e-08,2.3685676e-08,1.8273526e-09,5.3491123e-09,1.8988939e-07,1.3298724e-09
0.3511812,0.66092557,0.025192808,0.001694187,0.043336086,7.822546e-05
5.8431684e-05,3.6590027e-06,1.6103322e-06,1.2106806e-05,0.00038903917,0.0015645237
0.00019014011,0.00015549408,0.00047873653,0.00035383322,6.6949404e-05,1.2842476e-06
5.145021e-05,9.4499285e-07,7.0839855e-07,6.4365366e-07,3.0514391e-05,1.6898055e-06
4.970039e-07,5.4837363e-07,8.915859e-08,1.4897849e-08,1.4428114e-05,2.6668346e-07
1.3721051e-05,6.1944513e-07,1.3368191e-07,1.023388e-06,3.393198e-05,3.795037e-08
1.5515803e-05,3.5900182e-06,4.5068083e-07,3.3637443e-05,0.0005925188,0.5733001
1.5677359e-05,4.619105e-06,2.3694967e-07,3.883452e-06,2.7077951e-06,1.1477064e-06
0.0024164198,7.607266e-05,1.034895e-07,0.00016738569,2.370809e-05,0.0003172262
0.0007425811,0.006251619,0.00011275232,0.69515425,0.0003506856,7.953344e-09
2.1602447e-05,2.3469918e-06,9.067537e-07,6.605384e-05,1.2896447e-05,1.4490608e-07
2.1865299e-05,8.307962e-06,3.7073698e-06,0.00015059313,0.00017693029,0.48790452
0.00025815604,6.3665735e-05,1.9150419e-05,0.00029046423,0.00039088604,0.07810475
0.00058397575,0.85293263,0.008857254,1.2640751e-05,0.0013098664,1.2148617e-05
2.2628266e-05,1.0037931e-05,8.0346945e-05,1.3869821e-05,2.9417397e-06,2.1176542e-07
8.57142e-08,6.0950747e-09,1.9930992e-09,8.338897e-09,2.8163763e-07,5.879155e-09
0.0021593978,0.01554502,0.002288743,0.46979955,0.0011367567,2.4198443e-05
1.1248865e-06,3.7392238e-07,2.938536e-07,1.651685e-07,2.0480406e-05,4.8610514e-07
1.983178e-05,3.756903e-07,1.9579703e-07,5.4069246e-06,0.0002510209,0.7575733
5.3869285e-06,5.22981e-07,1.6449194e-07,4.4913555e-05,2.2649324e-07,1.7030575e-07
3.452912e-05,1.741093e-05,1.1248285e-05,7.4254717e-06,9.07631e-05,4.052592e-08
2.2046706e-05,2.7758162e-05,3.479854e-06,0.0012507675,4.4886056e-06,4.3229477e-07
1.8942957e-06,1.4041605e-07,3.9133468e-08,6.114255e-07,1.4738637e-06,2.0464258e-08
8.054528e-06,4.617942e-06,5.1294223e-06,2.0931775e-06,3.6837842e-05,5.279768e-07
5.5898035e-05,2.6580672e-06,2.2669529e-07,0.0007039534,2.4717132e-05,0.0037589176
1.00898376e-07,2.89636e-09,3.1429245e-10,1.666982e-08,8.1410366e-07,3.1808776e-09
0.00023393233,2.6258047e-07,1.1142092e-07,8.1610455e-07,6.3711115e-05,6.345994e-07
6.160793e-07,1.7544828e-07,1.1922929e-08,3.1892508e-08,3.735047e-06,5.194805e-07
1.2000226e-05,0.00014856909,1.8463744e-06,0.00010256027,0.001172874,7.5905273e-06
0.00028150273,1.1613123e-05,1.7195617e-06,1.5755514e-07,9.025625e-06,2.1260661e-07
3.909343e-05,5.055822e-07,1.7322176e-07,6.088286e-07,0.00017015835,1.5057822e-07
7.7231647e-07,5.548774e-08,7.426351e-09,5.117799e-08,2.5612262e-06,5.7730816e-08
0.0003139982,0.62659097,0.007692207,2.6735277e-05,0.0019817103,5.2908617e-05
6.064093e-08,7.775331e-09,1.0463345e-09,2.1058522e-08,5.620599e-08,5.393563e-10
4.34451e-05,7.0664823e-06,1.3957434e-05,0.00020344347,1.7986024e-05,3.2119693e-05
0.0014104807,0.0034624245,6.107289e-06,0.52036875,0.0029246327,2.7518156e-05
7.2615626e-07,1.495832e-06,1.0630783e-07,4.0521897e-08,1.4853001e-06,3.0446754e-06
0.00025328554,2.9533594e-05,6.8121764e-05,3.7081038e-05,0.0007892058,6.592635e-05
0.00023998001,1.5820446e-05,1.8716785e-06,5.639113e-06,4.5074203e-06,1.0498157e-07
1.2604086e-07,6.1738414e-09,1.659666e-08,1.1405292e-08,6.305677e-07,4.4996384e-09
9.059447e-07,3.3876675e-09,3.4412648e-09,8.949948e-09,2.5937211e-07,1.0303354e-07
0.0013729308,0.42062777,0.0066954223,0.00042374255,0.00024974823,7.835277e-06
1.9502417e-05,1.3609671e-06,5.0653534e-07,1.208303e-07,5.1690695e-05,1.1482675e-07
1.6452e-06,4.4453867e-07,5.3945865e-08,3.895863e-05,2.9160344e-06,1.17716e-08
0.00012047042,1.9928375e-05,1.4326022e-07,6.7607543e-06,5.8960472e-06,1.0704291e-06
0.001255079,6.610608e-06,3.1616587e-06,4.9042064e-06,0.038876735,1.6267944e-06
0.01840184,4.1004507e-05,2.1144138e-05,0.00059428223,0.00043239896,2.466772e-06
0.00038256246,0.72483015,0.0032191898,3.3927306e-06,0.0016478946,0.010992235
1.2406337e-05,5.2792988e-08,2.416872e-09,5.994279e-07,6.037127e-06,1.1450634e-07
0.0031806466,0.00042293646,1.2596202e-05,0.0008707839,0.0012659826,0.009102973
5.682109e-07,1.9083032e-07,9.278845e-08,1.5860803e-06,1.8655198e-06,5.961794e-08
5.0999628e-05,0.00038142773,1.030335e-05,0.061967816,0.00013725972,6.91844e-07
2.2248112e-05,0.08187032,0.006060313,1.6584404e-06,8.713072e-05,3.505376e-05
5.23443e-07,1.14379084e-07,2.5260828e-08,7.287398e-07,9.697314e-07,5.30189e-09
0.00044977694,1.532561e-05,1.0242081e-05,1.6921447e-05,1.2746614e-05,4.980373e-07
6.3924945e-06,1.334287e-07,8.35979e-09,1.5961026e-06,0.00020660736,0.7770257
0.000471472,5.572719e-05,0.00016804422,2.159429e-05,0.00028865074,2.8483487e-06
0.03464581,0.00496697,0.00012901265,0.046742175,0.0010351026,6.7416577e-06
2.5540626e-06,1.7356008e-07,1.0394387e-08,4.311506e-07,7.632237e-06,1.4653816e-06
4.4742945e-05,1.0787917e-06,6.4644716e-08,3.8361745e-06,7.356005e-05,6.731481e-08
0.00028777227,5.198329e-05,7.65096e-05,9.6473275e-05,0.000106298336,4.9416903e-06
9.983713e-06,3.9737608e-07,3.5569503e-08,1.6339889e-05,0.0002849493,4.9334496e-05
2.5125214e-06,1.9231382e-07,3.7966355e-09,1.1694258e-06,1.5281332e-05,1.2397894e-06
1.5685464e-05,1.1479251e-05,2.1719593e-06,6.8127514e-07,1.566929e-05,6.2207056e-07
0.013850799,8.7711705e-06,4.062443e-06,1.4941475e-05,0.00087813236,2.3272023e-06
1.0091982e-06,1.15902075e-07,3.8280863e-08,7.7525286e-08,5.4821885e-07,1.064789e-07
8.577934e-05,3.2527942e-06,4.5053216e-07,7.6819655e-05,0.00035295828,1.3346497e-07
0.0015460029,3.986088e-05,3.2820553e-05,0.00016137568,0.004185915,0.00015686655
1.2355577e-05,1.018412e-05,8.193213e-07,5.5004233e-07,3.4986468e-05,1.7615472e-05
0.001468168,1.851458e-05,1.666049e-05,7.938808e-05,0.00028601923,3.2447417e-06
0.00052647956,5.774613e-05,1.1748746e-05,2.017232e-05,0.00010572264,1.9438377e-05
2.3315577e-05,4.0205664e-06,2.342405e-07,9.998969e-07,6.0039356e-06,1.7386008e-05
0.00035664698,4.6478035e-05,1.3355796e-06,5.819409e-06,0.00059189,1.7681298e-06
0.006317103,0.0004693851,6.93989e-06,0.0024829358,0.0012269692,0.00037719522
4.463856e-06,5.1810594e-06,6.2475115e-06,7.0297693e-07,2.6651447e-05,9.72396e-08
0.0001224634,1.0660307e-05,0.9066393,2.2510024e-07,0.00029791583,8.627812e-06
3.7777878e-07,3.5563846e-06,4.7083887e-07,2.0874224e-06,2.764406e-07,5.367908e-09
5.4910583e-05,2.9523944e-06,4.0227079e-07,1.2287155e-05,0.00084829296,0.6998583
0.10875792,0.5416406,0.009005607,0.00034578715,0.116899595,0.00014317397
2.0529473e-07,2.703855e-07,5.2071954e-07,9.542668e-08,6.149693e-07,3.0900847e-07
4.5999067e-07,8.575688e-08,1.6673317e-08,5.915704e-08,2.8330153e-06,9.32273e-09
2.2675074e-06,2.3351048e-07,1.2370124e-07,6.2296174e-08,4.584221e-06,3.8765663e-07
0.0008541726,4.534076e-05,0.00033054955,0.00040848117,3.9221773e-05,5.102249e-07
0.00021332584,1.0821966e-05,9.358939e-06,0.00010579797,0.00016869475,1.2896319e-06
7.809122e-05,6.269968e-07,7.064239e-08,3.9683036e-07,1.6898097e-05,5.9659804e-08
0.005193956,2.3270817e-05,1.768261e-05,1.6805145e-05,0.0007117246,3.2088515e-06
1.860357e-05,3.6028933e-07,1.1211546e-07,8.2582295e-07,2.4821491e-05,8.760652e-07
1.1692446e-07,1.7456463e-08,1.16513785e-08,1.3153827e-08,7.577311e-07,1.5595491e-08
1.9235715e-05,1.8674814e-06,6.891415e-07,2.4400792e-05,1.3837821e-05,1.0802231e-07
4.218429e-05,2.1726726e-07,2.6159944e-07,5.337762e-07,9.383015e-06,1.8179989e-07
3.0517656e-06,3.0917414e-07,1.0874934e-08,2.1527796e-07,8.1337086e-05,7.574399e-07
2.439481e-05,2.0464026e-05,1.3746793e-06,5.061095e-07,2.8377033e-05,1.0995982e-05
9.301173e-05,0.00010907567,3.3348733e-05,1.7510988e-06,4.580648e-05,0.000113714166
7.3624465e-06,4.624566e-06,3.7399656e-07,4.9523106e-07,9.378381e-05,3.3995215e-07
3.6636359e-06,5.1889028e-08,7.523255e-09,2.9805096e-07,6.369238e-06,4.338816e-08
2.4677114e-05,2.5147076e-06,5.264503e-07,3.945643e-05,5.746207e-05,1.7021888e-07
2.2759784e-06,4.7215724e-07,1.2440339e-07,4.1651205e-05,2.2899605e-06,1.01589865e-08
0.00013893217,6.7058463e-06,7.1676396e-07,0.00056232227,3.5766454e-05,1.353124e-07
2.5745341e-05,0.00022948244,0.008258555,7.820025e-07,3.6633075e-05,6.042795e-06
7.986637e-06,6.134206e-08,1.943995e-08,1.2383805e-07,1.5692593e-06,1.1227056e-08
4.6285888e-07,3.1897258e-07,2.7150943e-08,3.2626282e-08,9.011279e-07,3.9571432e-08
2.8276518e-05,5.050269e-06,4.9987986e-05,1.165769e-06,0.00014494488,1.3140434e-06
0.00012600368,0.04583214,0.0018399751,2.884496e-05,0.0009813168,6.1028346e-05
2.679625e-06,0.00013094561,1.2922345e-06,4.8528098e-05,5.492123e-06,2.9520183e-07
0.0019203109,8.9201427e-07,4.0980564e-07,4.3499944e-07,1.952702e-05,1.9537678e-07
7.339813e-07,1.02660046e-07,7.191461e-08,2.5613554e-07,5.833339e-06,7.83675e-08
1.2415865e-05,1.1186165e-06,8.936124e-07,2.3510936e-06,8.948636e-06,5.5846135e-07
3.272298e-07,4.0101092e-08,1.1639628e-08,1.2427075e-08,2.4872315e-06,2.7727511e-08
9.566964e-06,4.4823162e-07,1.0089682e-06,2.409197e-07,9.88655e-06,3.0155942e-07
5.127055e-06,8.690348e-06,8.246085e-06,7.730712e-06,3.1449358e-06,1.5964542e-07
2.6621617e-06,2.271634e-07,1.546323e-07,1.9696738e-07,1.1918782e-05,3.1009897e-08
0.00043834504,1.0321965e-05,0.00010126021,4.0850544e-08,0.0008352876,6.998931e-07
6.0783134e-07,3.9853507e-08,1.9857579e-08,1.0924996e-08,1.0175809e-06,3.6072972e-08
3.9419792e-08,2.405508e-09,8.350511e-10,9.77834e-09,6.802806e-08,3.9523442e-09
0.17332056,0.0024566338,8.599869e-05,4.6350822e-05,0.002052413,7.2768526e-05
